ISO3,COUNTRY,JMP_REGNM,ALB_NE,ALB_SE,JMP_ALBSNE,SM_NE,SM_SE
CAF,Central African Republic,baminigui bangoran,0,64.44131238,64.44131238,0,0
CAF,Central African Republic,bangui,0,78.32508763,78.32508763,0,0
CAF,Central African Republic,basse kotto,0,20.31174823,20.31174823,0,0
CAF,Central African Republic,haut mbomou,0,44.12111821,44.12111821,0,0
CAF,Central African Republic,haute-kotto,0,53.731287,53.731287,0,0
CAF,Central African Republic,kémo,0,42.60500293,42.60500293,0,0
CAF,Central African Republic,lobaye,0,36.10214243,36.10214243,0,0
CAF,Central African Republic,mambere kadei,0,27.28300969,27.28300969,0,0
CAF,Central African Republic,mbomou,0,23.20211162,23.20211162,0,0
CAF,Central African Republic,nana grebizi,0,53.23125014,53.23125014,0,0
CAF,Central African Republic,nana mambéré,0,39.55433467,39.55433467,0,0
CAF,Central African Republic,ombella mpoko,0,43.49190718,43.49190718,0,0
CAF,Central African Republic,ouaka,0,35.70639005,35.70639005,0,0
CAF,Central African Republic,ouham,0,45.60549372,45.60549372,0,0
CAF,Central African Republic,ouham pende,0,54.59865449,54.59865449,0,0
CAF,Central African Republic,sangha mbaere,0,30.19467895,30.19467895,0,0
CAF,Central African Republic,vakaga,0,64.14925484,64.14925484,0,0
MKD,North Macedonia,pelagonia,93,98.7,98.7,86,91.27096774
MKD,North Macedonia,northeast,93,99,99,86,91.5483871
MKD,North Macedonia,southeast,93,97.6,97.6,86,90.25376344
MKD,North Macedonia,polog,93,99.7,99.7,86,92.19569892
MKD,North Macedonia,east,93,99.5,99.5,86,92.01075269
MKD,North Macedonia,skopje,93,99.8,99.8,86,92.28817204
MKD,North Macedonia,vardar,93,99.8,99.8,86,92.28817204
MKD,North Macedonia,southwest,93,99.8,99.8,86,92.28817204
JOR,Jordan,central,99,99.86414158,99.86414158,94,94.82049806
GAB,Gabon,estuaire,86,75.2,75.2,70,61.20930233
GAB,Gabon,haut-ogooué,86,76.6,76.6,70,62.34883721
GAB,Gabon,moyen-ogooué,86,67.1,67.1,70,54.61627907
GAB,Gabon,ngounié,86,72.8,72.8,70,59.25581395
GAB,Gabon,nyanga,86,52.7,52.7,70,42.89534884
GAB,Gabon,ogooué-ivindo,86,62.5,62.5,70,50.87209302
GAB,Gabon,ogooué-lolo,86,68.1,68.1,70,55.43023256
GAB,Gabon,ogooué maritime,86,76.3,76.3,70,62.10465116
GAB,Gabon,woleu-ntem,86,76.4,76.4,70,62.18604651
GAB,Gabon,libreville-port-gentil,86,94.5,94.5,70,76.91860465
NER,Niger,agadez,50,68.81796777,68.81796777,17,23.39810904
NER,Niger,diffa,50,67.20202326,67.20202326,17,22.84868791
NER,Niger,dosso,50,36.17073229,36.17073229,17,12.29804898
NER,Niger,maradi,50,38.50267036,38.50267036,17,13.09090792
NER,Niger,niamey,50,95.37386381,95.37386381,17,32.4271137
NER,Niger,tahoua,50,43.25884276,43.25884276,17,14.70800654
NER,Niger,zinder,50,42.46358851,42.46358851,17,14.43762009
NER,Niger,tillaberi,50,56.69260174,56.69260174,17,19.27548459
COM,Comoros,mohéli,80,83.3,83.3,65,67.68125
COM,Comoros,ngazidja,80,87.4,87.4,65,71.0125
COM,Comoros,ndzouani,80,81.3,81.3,65,66.05625
TUN,Tunisia,kairouan,96,95.119549,95.119549,93,92.14706309
TUN,Tunisia,kasserine,96,76.5033555,76.5033555,93,74.11262564
TUN,Tunisia,sidi bouzid,96,79.59099194,79.59099194,93,77.10377344
TUN,Tunisia,district tunis,96,100,100,93,96.875
TUN,Tunisia,nord est,96,95.94861491,95.94861491,93,92.95022069
TUN,Tunisia,nord ouest,96,77.32363931,77.32363931,93,74.90727558
TUN,Tunisia,centre est,96,99.4,99.4,93,96.29375
TUN,Tunisia,sud ouest,96,97.17431291,97.17431291,93,94.13761563
TUN,Tunisia,sud est,96,99.9,99.9,93,96.778125
YEM,Yemen,aden,63,99.57772284,99.57772284,49,77.44933999
YEM,Yemen,amran,63,70.73833853,70.73833853,49,55.01870774
YEM,Yemen,dhamar,63,55.2833888,55.2833888,49,42.99819129
YEM,Yemen,hajjah,63,46.79986039,46.79986039,49,36.39989141
YEM,Yemen,ibb,63,65.8957556,65.8957556,49,51.25225436
YEM,Yemen,lahj,63,76.55659208,76.55659208,49,59.54401606
YEM,Yemen,mareb,63,65.66960646,65.66960646,49,51.07636058
YEM,Yemen,taiz,63,69.74211819,69.74211819,49,54.24386971
YEM,Yemen,al-baidha,63,72.94552071,72.94552071,49,56.735405
YEM,Yemen,aldhalae,63,42.22992437,42.22992437,49,32.84549673
YEM,Yemen,al-hodiedah,63,95.16621357,95.16621357,49,74.01816611
YEM,Yemen,al-jawf,63,71.89679216,71.89679216,49,55.91972723
YEM,Yemen,al-mhweit,63,73.6995063,73.6995063,49,57.32183823
YEM,Yemen,sanaa city,63,99.06875888,99.06875888,49,77.05347913
YEM,Yemen,reimah,63,50.86416002,50.86416002,49,39.56101335
YEM,Yemen,sadah,63,77.14049667,77.14049667,49,59.99816408
YEM,Yemen,sanaa,63,59.38772906,59.38772906,49,46.19045594
GMB,Gambia,banjul,78,98.9228092,98.9228092,44,55.80261032
GMB,Gambia,kanifing,78,96.73251012,96.73251012,44,54.56705699
GMB,Gambia,brikama,78,83.30742348,83.30742348,44,46.9939312
GMB,Gambia,mansakonko,78,90.55780112,90.55780112,44,51.08388781
GMB,Gambia,kerewan,78,78.56468452,78.56468452,44,44.31853998
GMB,Gambia,kuntaur,78,66.55394878,66.55394878,44,37.54325316
GMB,Gambia,janjanbureh,78,75.41183975,75.41183975,44,42.54001216
GMB,Gambia,basse,78,84.1214635,84.1214635,44,47.45313326
TUR,Turkey,west,99,98.60420838,98.60420838,96,95.61620207
TUR,Turkey,south,99,98.04152385,98.04152385,96,95.07056858
TUR,Turkey,central,99,97.06168774,97.06168774,96,94.12042447
TUR,Turkey,east,99,96.99655396,96.99655396,96,94.05726445
NAM,Namibia,karas,83,93.51571566,93.51571566,60,67.60172217
NAM,Namibia,erongo,83,98.00384853,98.00384853,60,70.84615556
NAM,Namibia,hardap,83,91.53746522,91.53746522,60,66.17166161
NAM,Namibia,kavango,83,58.17834791,58.17834791,60,42.05663704
NAM,Namibia,khomas,83,98.07895735,98.07895735,60,70.9004511
NAM,Namibia,kunene,83,77.03665757,77.03665757,60,55.68915005
NAM,Namibia,ohangwena,83,52.82618131,52.82618131,60,38.18760095
NAM,Namibia,omaheke,83,89.9370008,89.9370008,60,65.01469938
NAM,Namibia,omusati,83,59.19954544,59.19954544,60,42.79485212
NAM,Namibia,oshana,83,86.43980723,86.43980723,60,62.48660764
NAM,Namibia,oshikoto,83,72.03285991,72.03285991,60,52.07194692
NAM,Namibia,otjozondjupa,83,94.55585813,94.55585813,60,68.35363238
NAM,Namibia,caprivi,83,79.93246257,79.93246257,60,57.78250306
DZA,Algeria,ept 1 : nord-centre,94,94.5,94.5,81,81.43085106
DZA,Algeria,ept 2 : nord-est,94,91.8,91.8,81,79.10425532
DZA,Algeria,ept 3 : nord-ouest,94,93,93,81,80.13829787
DZA,Algeria,ept 4 : hauts plateaux-centre.,94,93.1,93.1,81,80.22446809
DZA,Algeria,ept 5 : hauts plateaux-est,94,86.7,86.7,81,74.70957447
DZA,Algeria,ept 6 : hauts plateaux-ouest,94,89.2,89.2,81,76.86382979
DZA,Algeria,ept 7 : sud,94,95.3,95.3,81,82.12021277
MNE,Monte Negro,north,97,96.2,96.2,94,93.22474227
MNE,Monte Negro,centre,97,99.7,99.7,94,96.61649485
MNE,Monte Negro,south,97,98.4,98.4,94,95.35670103
BGD,Bangladesh,chittagong,97,94.19693352,94.19693352,55,53.41063241
BGD,Bangladesh,sylhet,97,91.67616376,91.67616376,55,51.98132997
ZMB,Zambia,central,60,46.3,46.3,24,18.52
ZMB,Zambia,copperbelt,60,73.9,73.9,24,29.56
ZMB,Zambia,eastern,60,61.5,61.5,24,24.6
ZMB,Zambia,luapula,60,37.7,37.7,24,15.08
ZMB,Zambia,lusaka,60,89.1,89.1,24,35.64
ZMB,Zambia,muchinga,60,29,29,24,11.6
ZMB,Zambia,north western,60,43.7,43.7,24,17.48
ZMB,Zambia,northern,60,25.8,25.8,24,10.32
ZMB,Zambia,southern,60,51.2,51.2,24,20.48
ZMB,Zambia,western,60,40.6,40.6,24,16.24
LSO,Lesotho,berea,69,71.77063769,71.77063769,25,26.00385424
LSO,Lesotho,botha-bothe,69,76.44143564,76.44143564,25,27.69617233
LSO,Lesotho,leribe,69,61.51103488,61.51103488,25,22.28660684
LSO,Lesotho,mafeteng,69,68.62402348,68.62402348,25,24.86377662
LSO,Lesotho,maseru,69,85.8024298,85.8024298,25,31.08783688
LSO,Lesotho,mohale's hoek,69,67.83100115,67.83100115,25,24.57644969
LSO,Lesotho,mokhotlong,69,58.52093572,58.52093572,25,21.20323758
LSO,Lesotho,qacha's-nek,69,80.70042528,80.70042528,25,29.23928452
LSO,Lesotho,quthing,69,72.38890906,72.38890906,25,26.2278656
LSO,Lesotho,thaba tseka,69,50.82852483,50.82852483,25,18.41613218
KHM,Cambodia,banteay mean chey,79,82.35502522,82.35502522,26,27.10418551
KHM,Cambodia,kampong cham,79,70.99831746,70.99831746,26,23.36653486
KHM,Cambodia,kampong chhnang,79,59.89849329,59.89849329,26,19.71342817
KHM,Cambodia,kampong speu,79,68.76764845,68.76764845,26,22.63239063
KHM,Cambodia,kampong thom,79,52.74312412,52.74312412,26,17.35849655
KHM,Cambodia,kandal,79,71.8255583,71.8255583,26,23.63879134
KHM,Cambodia,kratie,79,63.34643423,63.34643423,26,20.84819354
KHM,Cambodia,phnom penh,79,95.57308233,95.57308233,26,31.45443216
KHM,Cambodia,prey veng,79,91.27417221,91.27417221,26,30.03960098
KHM,Cambodia,pursat,79,61.3129695,61.3129695,26,20.17895199
KHM,Cambodia,siem reap,79,73.53406379,73.53406379,26,24.20108428
KHM,Cambodia,svay rieng,79,95.66797126,95.66797126,26,31.48566143
KHM,Cambodia,takeo,79,78.8493847,78.8493847,26,25.95043041
KHM,Cambodia,otdar mean chey,79,69.90103158,69.90103158,26,23.0054028
KHM,Cambodia,battambang & pailin,79,84.13705127,84.13705127,26,27.6906751
KHM,Cambodia,kampot & kep,79,74.124992,74.124992,26,24.39556699
KHM,Cambodia,preah vihear & steung treng,79,64.15548979,64.15548979,26,21.11446499
KHM,Cambodia,mondol kiri & rattanak kiri,79,63.58617453,63.58617453,26,20.92709541
COD,Congo Democratic Republic,bandundu,43,18.4,18.4,8,3.423255814
COD,Congo Democratic Republic,bas-congo,43,46.9,46.9,8,8.725581395
COD,Congo Democratic Republic,equateur,43,13.3,13.3,8,2.474418605
COD,Congo Democratic Republic,kasai-occidental,43,15.6,15.6,8,2.902325581
COD,Congo Democratic Republic,kasai-oriental,43,26.5,26.5,8,4.930232558
COD,Congo Democratic Republic,katanga,43,36,36,8,6.697674419
COD,Congo Democratic Republic,kinshasa,43,92.1,92.1,8,17.13488372
COD,Congo Democratic Republic,maniema,43,37.4,37.4,8,6.958139535
COD,Congo Democratic Republic,nord-kivu,43,74.2,74.2,8,13.80465116
COD,Congo Democratic Republic,orientale,43,30.1,30.1,8,5.6
COD,Congo Democratic Republic,sud-kivu,43,60.7,60.7,8,11.29302326
BFA,Burkina Faso,cascades,48,74.11524077,74.11524077,18,27.79321529
BFA,Burkina Faso,centre,48,91.13566879,91.13566879,18,34.1758758
BFA,Burkina Faso,centre-est,48,55.18983452,55.18983452,18,20.69618795
BFA,Burkina Faso,centre-nord,48,63.57241024,63.57241024,18,23.83965384
BFA,Burkina Faso,centre-ouest,48,64.32649,64.32649,18,24.12243375
BFA,Burkina Faso,centre-sud,48,68.28053715,68.28053715,18,25.60520143
BFA,Burkina Faso,est,48,34.51834609,34.51834609,18,12.94437978
BFA,Burkina Faso,nord,48,44.21993107,44.21993107,18,16.58247415
BFA,Burkina Faso,sahel,48,51.33647883,51.33647883,18,19.25117956
BFA,Burkina Faso,sud-ouest,48,66.68465573,66.68465573,18,25.0067459
BFA,Burkina Faso,plateau central,48,44.6089896,44.6089896,18,16.7283711
BFA,Burkina Faso,boucle de mouhoun,48,27.13159277,27.13159277,18,10.17434729
BFA,Burkina Faso,hauts basins,48,62.99766513,62.99766513,18,23.62412442
PSE,Palestina,gaza strip,97,99.46051503,99.46051503,88,90.23221982
PSE,Palestina,west bank,97,99.37144008,99.37144008,88,90.15140956
MNG,Mongolia,central,83,85.9,85.9,24,24.83855422
SRB,Serbia,sumadija and west serbia,86,98.42270917,98.42270917,75,85.833758
SRB,Serbia,south and east serbia,86,98.46836502,98.46836502,75,85.87357415
BEN,Benin,alibori,66,47.00035876,47.00035876,26,18.51529285
BEN,Benin,atlantique,66,65.98575916,65.98575916,26,25.99438997
BEN,Benin,borgou,66,64.25762909,64.25762909,26,25.31361146
BEN,Benin,collines,66,71.66537408,71.66537408,26,28.23181403
BEN,Benin,donga,66,49.00454807,49.00454807,26,19.30482197
BEN,Benin,couffo,66,63.77416703,63.77416703,26,25.12315671
BEN,Benin,littoral,66,99.33597592,99.33597592,26,39.13235415
BEN,Benin,mono,66,67.40491064,67.40491064,26,26.55344965
BEN,Benin,ouémé,66,75.10682366,75.10682366,26,29.58753659
BEN,Benin,plateau,66,69.46708258,69.46708258,26,27.36582041
BEN,Benin,zou,66,64.0365656,64.0365656,26,25.22652584
BEN,Benin,atacora,66,54.90580764,54.90580764,26,21.62956059
SDN,Sudan,gezira,60,94.88126594,94.88126594,38,60.09146843
SDN,Sudan,gadarif,60,64.44825001,64.44825001,38,40.817225
SDN,Sudan,blue nile,60,63.6167318,63.6167318,38,40.2905968
SDN,Sudan,central darfor,60,40.45063765,40.45063765,38,25.61873718
SDN,Sudan,east darfor,60,55.85521777,55.85521777,38,35.37497125
SDN,Sudan,kassala,60,60.30297777,60.30297777,38,38.19188592
SDN,Sudan,khartoum,60,95.33033784,95.33033784,38,60.37588063
SDN,Sudan,north darfor,60,32.53659893,32.53659893,38,20.60651265
SDN,Sudan,north kordofan,60,72.30654616,72.30654616,38,45.7941459
SDN,Sudan,northern,60,94.92620503,94.92620503,38,60.11992986
SDN,Sudan,red sea,60,69.48586635,69.48586635,38,44.00771536
SDN,Sudan,river nile,60,87.03974478,87.03974478,38,55.1251717
SDN,Sudan,sinnar,60,74.05904392,74.05904392,38,46.90406115
SDN,Sudan,south darfor,60,40.60142779,40.60142779,38,25.7142376
SDN,Sudan,west darfor,60,50.39035576,50.39035576,38,31.91389198
SDN,Sudan,west kordofan,60,66.18369087,66.18369087,38,41.91633755
SDN,Sudan,white nile,60,52.14618092,52.14618092,38,33.02591458
SDN,Sudan,south kordofan,60,71.73938214,71.73938214,38,45.43494202
CMR,Cameroon,adamaoua,60,66.43235181,66.43235181,31,34.32338177
CMR,Cameroon,est,60,51.86011411,51.86011411,31,26.79439229
CMR,Cameroon,extrême-nord,60,55.82877848,55.82877848,31,28.84486888
CMR,Cameroon,nord,60,46.44543794,46.44543794,31,23.9968096
CMR,Cameroon,nord-ouest,60,68.25253793,68.25253793,31,35.26381126
CMR,Cameroon,ouest,60,59.2686202,59.2686202,31,30.62212044
CMR,Cameroon,sud,60,67.33775974,67.33775974,31,34.79117587
CMR,Cameroon,sud-ouest,60,53.2439122,53.2439122,31,27.50935464
CMR,Cameroon,centre (sans yaoundé),60,53.84850475,53.84850475,31,27.82172745
CMR,Cameroon,littoral (sans douala),60,70.18693933,70.18693933,31,36.26325199
VNM,Vietnam,red river delta,95,99.42702821,99.42702821,95,99.42702821
VNM,Vietnam,northern midlands and mountain area,95,89.91756627,89.91756627,95,89.91756627
VNM,Vietnam,north central and central coastal area,95,86.59924208,86.59924208,95,86.59924208
VNM,Vietnam,central highlands,95,83.53758244,83.53758244,95,83.53758244
VNM,Vietnam,south east,95,98.30438377,98.30438377,95,98.30438377
VNM,Vietnam,mekong river delta,95,93.21156206,93.21156206,95,93.21156206
SWZ,Swaziland,hhohho,69,76.67548152,76.67548152,50,55.56194313
SWZ,Swaziland,lubombo,69,59.80054427,59.80054427,50,43.33372773
SWZ,Swaziland,manzini,69,79.4259213,79.4259213,50,57.55501543
SWZ,Swaziland,shiselweni,69,51.9853476,51.9853476,50,37.67054174
GNB,Guinea-Bissau,bafatá,67,70.528,70.528,30,31.57970149
GNB,Guinea-Bissau,biombo,67,36.472,36.472,30,16.33074627
GNB,Guinea-Bissau,sab,67,91.1829,91.1829,30,40.82816418
GNB,Guinea-Bissau,bolama/bijagós,67,62.1888,62.1888,30,27.84573134
GNB,Guinea-Bissau,cacheu,67,75.2411,75.2411,30,33.69004478
GNB,Guinea-Bissau,gabú,67,81.6416,81.6416,30,36.5559403
GNB,Guinea-Bissau,oio,67,36.7092,36.7092,30,16.43695522
GNB,Guinea-Bissau,quinara,67,61.4888,61.4888,30,27.53229851
GNB,Guinea-Bissau,tombali,67,70.8257,70.8257,30,31.713
STP,Sao Tome & Principe,regiã£o centro este,84,84.78433639,84.78433639,38,38.35481884
STP,Sao Tome & Principe,regiã£o sul este,84,80.32224903,80.32224903,38,36.33625551
STP,Sao Tome & Principe,regiã£o norte oeste,84,77.80188706,77.80188706,38,35.19609177
STP,Sao Tome & Principe,regiã£o autonoma de principe,84,65.69459465,65.69459465,38,29.71898329
MOZ,Mozambique,cabo delgado,56,41.01530103,41.01530103,21,15.38073789
MOZ,Mozambique,gaza,56,62.78341923,62.78341923,21,23.54378221
MOZ,Mozambique,inhambane,56,47.42933511,47.42933511,21,17.78600067
MOZ,Mozambique,manica,56,57.63048074,57.63048074,21,21.61143028
MOZ,Mozambique,nampula,56,60.07966335,60.07966335,21,22.52987376
MOZ,Mozambique,niassa,56,50.29843602,50.29843602,21,18.86191351
MOZ,Mozambique,sofala,56,63.59401399,63.59401399,21,23.84775525
MOZ,Mozambique,tete,56,30.07614655,30.07614655,21,11.27855496
MOZ,Mozambique,zambézia,56,31.24182949,31.24182949,21,11.71568606
MOZ,Mozambique,maputo provincia,56,92.18382724,92.18382724,21,34.56893522
MOZ,Mozambique,maputo cidade,56,99.77326417,99.77326417,21,37.41497406
TCD,Chad,batha,39,40.60671763,40.60671763,9,9.370780992
TCD,Chad,guéra,39,41.8880491,41.8880491,9,9.66647287
TCD,Chad,hadjer-lamis,39,76.0706922,76.0706922,9,17.55477512
TCD,Chad,kanem,39,47.35317781,47.35317781,9,10.92765642
TCD,Chad,lac,39,55.67066738,55.67066738,9,12.84707709
TCD,Chad,logone occidental,39,38.91627907,38.91627907,9,8.980679785
TCD,Chad,logone oriental,39,30.1846856,30.1846856,9,6.965696676
TCD,Chad,mandoul,39,26.00037342,26.00037342,9,6.000086173
TCD,Chad,ouaddaï,39,20.1487976,20.1487976,9,4.649722523
TCD,Chad,salamat,39,42.94216749,42.94216749,9,9.90973096
TCD,Chad,sila,39,32.74669101,32.74669101,9,7.556928696
TCD,Chad,tandjilé,39,28.18070655,28.18070655,9,6.503239973
TCD,Chad,n'djaména,39,95.64173012,95.64173012,9,22.07116849
TCD,Chad,wadi fira,39,3.015483403,3.015483403,9,0.6958807853
TCD,Chad,borkou/tibesti,39,23.46654404,23.46654404,9,5.415356318
TCD,Chad,chari baguirmi,39,74.33475006,74.33475006,9,17.15417309
TCD,Chad,mayo kebbi est,39,39.30327936,39.30327936,9,9.069987544
TCD,Chad,mayo kebbi ouest,39,26.70457928,26.70457928,9,6.162595219
TCD,Chad,moyen chari,39,51.0821244,51.0821244,9,11.78818255
TCD,Chad,barh el gazal,39,66.28021746,66.28021746,9,15.2954348
TCD,Chad,ennedi,39,6.344361947,6.344361947,9,1.464083526
ZWE,Zimbabwe,bulawayo,64,99.80852915,99.80852915,32,49.90426458
ZWE,Zimbabwe,harare,64,93.51911462,93.51911462,32,46.75955731
ZWE,Zimbabwe,manicaland,64,66.59668217,66.59668217,32,33.29834109
ZWE,Zimbabwe,mashonaland central,64,52.47434069,52.47434069,32,26.23717035
ZWE,Zimbabwe,mashonaland east,64,62.12893379,62.12893379,32,31.06446689
ZWE,Zimbabwe,mashonaland west,64,60.41918254,60.41918254,32,30.20959127
ZWE,Zimbabwe,masvingo,64,50.67123348,50.67123348,32,25.33561674
ZWE,Zimbabwe,matabeleland north,64,47.76287813,47.76287813,32,23.88143907
ZWE,Zimbabwe,matabeleland south,64,55.60264565,55.60264565,32,27.80132283
ZWE,Zimbabwe,midlands,64,58.76872448,58.76872448,32,29.38436224
KEN,Kenya,nairobi,59,97.72445448,97.72445448,24,39.75232047
KEN,Kenya,central,59,84.34970398,84.34970398,24,34.31174399
KEN,Kenya,coast,59,70.90632675,70.90632675,24,28.84325156
KEN,Kenya,eastern,59,42.3636948,42.3636948,24,17.23268941
KEN,Kenya,nyanza,59,63.17611106,63.17611106,24,25.69875704
KEN,Kenya,rift valley,59,58.00539915,58.00539915,24,23.5954166
KEN,Kenya,western,59,76.44749385,76.44749385,24,31.09728563
KEN,Kenya,north eastern,59,75.09717452,75.09717452,24,30.54800319
MLI,Mali,bamako,78,93.91894846,93.91894846,33,39.73493973
MLI,Mali,kayes,78,61.19730887,61.19730887,33,25.89116914
MLI,Mali,koulikoro,78,65.5561259,65.5561259,33,27.73528404
MLI,Mali,mopti,78,54.01251439,54.01251439,33,22.8514484
MLI,Mali,ségou,78,60.67285654,60.67285654,33,25.66928546
MLI,Mali,sikasso,78,68.35470723,68.35470723,33,28.91929921
MLI,Mali,tombouctou,78,66.22068338,66.22068338,33,28.01644297
MLI,Mali,gao,78,57.66532789,57.66532789,33,24.39686949
COG,Republic of Congo,bouenza,73,67.18756435,67.18756435,46,42.33736931
COG,Republic of Congo,brazzaville,73,91.54090554,91.54090554,46,57.68331034
COG,Republic of Congo,cuvette,73,66.86386944,66.86386944,46,42.13339718
COG,Republic of Congo,kouilou,73,58.08187508,58.08187508,46,36.59953772
COG,Republic of Congo,likouala,73,54.99430876,54.99430876,46,34.65394798
COG,Republic of Congo,niari,73,65.91610212,65.91610212,46,41.53617394
COG,Republic of Congo,plateaux,73,51.53267965,51.53267965,46,32.47264745
COG,Republic of Congo,pool,73,23.07249902,23.07249902,46,14.538835
COG,Republic of Congo,sangha,73,45.31159199,45.31159199,46,28.55251002
COG,Congo,lekoumou,73,37.21158813,37.21158813,46,23.448398
COG,Congo,pointe-noire,73,90.74187169,90.74187169,46,57.17980956
COG,Congo Brazzaville,cuvette ouest,73,22.9409563,22.9409563,46,14.45594506
MRT,Mauritania,adrar,71,67.05155443,67.05155443,42,39.6642998
MRT,Mauritania,assaba,71,56.24102159,56.24102159,42,33.26933671
MRT,Mauritania,brakna,71,76.49264124,76.49264124,42,45.24916805
MRT,Mauritania,dakhlett nouadibou,71,99.15668335,99.15668335,42,58.65606621
MRT,Mauritania,gorgol,71,50.86655786,50.86655786,42,30.09007648
MRT,Mauritania,guidimagha,71,42.00927384,42.00927384,42,24.85055636
MRT,Mauritania,hodh charghy,71,46.14861651,46.14861651,42,27.2991816
MRT,Mauritania,inchiri,71,91.50631384,91.50631384,42,54.13049551
MRT,Mauritania,nouakchott,71,92.07878051,92.07878051,42,54.46913776
MRT,Mauritania,tagant,71,64.3046538,64.3046538,42,38.03937267
MRT,Mauritania,trarza,71,87.65041132,87.65041132,42,51.84953909
MRT,Mauritania,hodh gharby,71,46.35107199,46.35107199,42,27.41894399
MRT,Mauritania,tirs-ezemour,71,85.09776071,85.09776071,42,50.33952042
IND,India,arunachal pradesh,93,85.45510288,85.45510288,63,57.88894066
IND,India,manipur,93,63.26325428,63.26325428,63,42.8557529
IND,India,mizoram,93,93.09883057,93.09883057,63,63.06694974
IND,India,nagaland,93,81.62629846,81.62629846,63,55.29523444
IND,India,tripura,93,85.97505111,85.97505111,63,58.24116365
IND,India,andaman and nicobar islands,93,94.93550663,94.93550663,63,64.31114965
AGO,Angola,bengo,56,38.61120774,38.61120774,31,21.37406143
AGO,Angola,benguela,56,58.41145987,58.41145987,31,32.33491529
AGO,Angola,bié,56,49.86936877,49.86936877,31,27.60625771
AGO,Angola,cabinda,56,77.93879416,77.93879416,31,43.14468963
AGO,Angola,cuando cubango,56,54.91572471,54.91572471,31,30.39977618
AGO,Angola,cuanza norte,56,59.16370389,59.16370389,31,32.75133608
AGO,Angola,cuanza sul,56,30.90107114,30.90107114,31,17.1059501
AGO,Angola,cunene,56,31.39511947,31.39511947,31,17.37944114
AGO,Angola,huambo,56,52.65425542,52.65425542,31,29.1478914
AGO,Angola,huíla,56,43.10894937,43.10894937,31,23.86388269
AGO,Angola,luanda,56,86.93743972,86.93743972,31,48.1260827
AGO,Angola,lunda norte,56,46.78421273,46.78421273,31,25.89840348
AGO,Angola,lunda sul,56,48.67432563,48.67432563,31,26.94471597
AGO,Angola,malanje,56,56.1281907,56.1281907,31,31.07096271
AGO,Angola,moxico,56,35.66251893,35.66251893,31,19.74175155
AGO,Angola,namibe,56,69.76855931,69.76855931,31,38.62188105
AGO,Angola,uíge,56,28.35089653,28.35089653,31,15.69424629
AGO,Angola,zaire,56,58.97023734,58.97023734,31,32.64423853
ETH,Ethiopia,addis adaba,41,98.24369742,98.24369742,14,33.54662839
ETH,Ethiopia,afar,41,35.26294551,35.26294551,14,12.04100579
ETH,Ethiopia,amhara,41,42.62747919,42.62747919,14,14.5557246
ETH,Ethiopia,dire dawa,41,74.41960996,74.41960996,14,25.41157413
ETH,Ethiopia,gambela,41,74.77748858,74.77748858,14,25.53377659
ETH,Ethiopia,oromia,41,48.39408818,48.39408818,14,16.5248106
ETH,Ethiopia,somali,41,34.15543445,34.15543445,14,11.66283127
ETH,Ethiopia,snnpr,41,37.3759261,37.3759261,14,12.76251135
ETH,Ethiopia,tigray,41,54.46017861,54.46017861,14,18.59615855
ETH,Ethiopia,benishangul,41,59.3069425,59.3069425,14,20.2511511
ETH,Ethiopia,harari,41,68.95727753,68.95727753,14,23.54638745
ZAF,South Africa,2 eastern cape,93,71.28404894,71.28404894,71,54.42115564
ZAF,South Africa,4 free state,93,98.87701198,98.87701198,71,75.48675108
ZAF,South Africa,7 gauteng,93,99.49768033,99.49768033,71,75.96059466
ZAF,South Africa,5 kwazulu-natal,93,86.77634811,86.77634811,71,66.24860985
ZAF,South Africa,9 limpopo,93,81.1718197,81.1718197,71,61.96988386
ZAF,South Africa,8 mpumalanga,93,90.92602959,90.92602959,71,69.41664624
ZAF,South Africa,6 north west,93,96.69945928,96.69945928,71,73.82431838
ZAF,South Africa,3 northern cape,93,98.11402213,98.11402213,71,74.90425345
ZAF,South Africa,1 western cape,93,99.40101605,99.40101605,71,75.8867972
LBR,Liberia,greater monrovia,73,93.7,93.7,14,17.96986301
LBR,Liberia,north central,73,79.5,79.5,14,15.24657534
LBR,Liberia,north western,73,79.5,79.5,14,15.24657534
LBR,Liberia,south central,73,65.8,65.8,14,12.61917808
LBR,Liberia,south eastern a,73,67.2,67.2,14,12.88767123
LBR,Liberia,south eastern b,73,86.8,86.8,14,16.64657534
MDG,Madagascar,analamanga,54,71.51028615,71.51028615,27,35.75514308
MDG,Madagascar,bongolava,54,69.82330235,69.82330235,27,34.91165118
MDG,Madagascar,itasy,54,65.40469129,65.40469129,27,32.70234565
MDG,Madagascar,vakinankaratra,54,62.62252108,62.62252108,27,31.31126054
MDG,Madagascar,diana,54,54.79059598,54.79059598,27,27.39529799
MDG,Madagascar,sava,54,24.67606941,24.67606941,27,12.33803471
MDG,Madagascar,amoron i mania,54,32.20990399,32.20990399,27,16.10495199
MDG,Madagascar,haute matsiatra,54,27.20413921,27.20413921,27,13.6020696
MDG,Madagascar,ihorombe,54,59.60662815,59.60662815,27,29.80331408
MDG,Madagascar,vatovavy fitovinany,54,16.55720329,16.55720329,27,8.278601647
MDG,Madagascar,betsiboka,54,40.24128934,40.24128934,27,20.12064467
MDG,Madagascar,boeny,54,53.49392828,53.49392828,27,26.74696414
MDG,Madagascar,melaky,54,32.39861978,32.39861978,27,16.19930989
MDG,Madagascar,sofia,54,27.89628336,27.89628336,27,13.94814168
MDG,Madagascar,analanjirofo,54,40.56231642,40.56231642,27,20.28115821
MDG,Madagascar,atsinanana,54,41.81131046,41.81131046,27,20.90565523
MDG,Madagascar,androy,54,21.27602815,21.27602815,27,10.63801407
MDG,Madagascar,anosy,54,15.35042922,15.35042922,27,7.675214612
MDG,Madagascar,menabe,54,56.72185645,56.72185645,27,28.36092822
MDG,Madagascar,atsimo atsinanana,54,26.30116356,26.30116356,27,13.15058178
MDG,Madagascar,alaotra mangoro,54,51.19659593,51.19659593,27,25.59829797
MDG,Madagascar,atsimo andrefana,54,28.53851694,28.53851694,27,14.26925847
GIN,Guinea,boké,62,63.0147,63.0147,39,39.63827903
GIN,Guinea,conakry,62,91.6,91.6,39,57.61935484
GIN,Guinea,faranah,62,50.7012,50.7012,39,31.89269032
GIN,Guinea,kankan,62,64.261,64.261,39,40.42224194
GIN,Guinea,labé,62,62.328,62.328,39,39.20632258
GIN,Guinea,mamou,62,53.119,53.119,39,33.41356452
GIN,Guinea,n'zérékoré,62,40.4954,40.4954,39,25.4729129
THA,Thailand,north,100,99.6,99.6,0,0
THA,Thailand,northeast,100,98.7,98.7,0,0
THA,Thailand,central,100,99.3,99.3,0,0
THA,Thailand,south,100,97.5,97.5,0,0
CIV,Cote d'Ivoire,centre,73,78.4952,78.4952,45,48.38745205
CIV,Cote d'Ivoire,centre-est,73,75.5729,75.5729,45,46.58603425
CIV,Cote d'Ivoire,centre-nord,73,82.877,82.877,45,51.08856164
CIV,Cote d'Ivoire,centre-ouest,73,50.0711,50.0711,45,30.86574658
CIV,Cote d'Ivoire,nord,73,73.3965,73.3965,45,45.24441781
CIV,Cote d'Ivoire,nord-est,73,62.5282,62.5282,45,38.54478082
CIV,Cote d'Ivoire,nord-ouest,73,71.2908,71.2908,45,43.94638356
CIV,Cote d'Ivoire,ouest,73,68.4124,68.4124,45,42.1720274
CIV,Cote d'Ivoire,sud sans ville d'abidjan,73,71.0774,71.0774,45,43.81483562
CIV,Cote d'Ivoire,sud-ouest,73,57.6103,57.6103,45,35.51319863
THA,Thailand,bangkok,100,100,100,0,0
GHA,Ghana,ashanti,81,81.2,81.2,36,36.08888889
GHA,Ghana,brong ahafo,81,76.1,76.1,36,33.82222222
GHA,Ghana,central,81,75.3,75.3,36,33.46666667
GHA,Ghana,eastern,81,61.5,61.5,36,27.33333333
GHA,Ghana,greater accra,81,83.8,83.8,36,37.24444444
GHA,Ghana,northern,81,61.4,61.4,36,27.28888889
GHA,Ghana,upper east,81,69.2,69.2,36,30.75555556
GHA,Ghana,upper west,81,71.4,71.4,36,31.73333333
GHA,Ghana,volta,81,60.8,60.8,36,27.02222222
GHA,Ghana,western,81,67.1,67.1,36,29.82222222
BDI,Burundi,bubanza,61,52.34373648,52.34373648,10,8.580940407
BDI,Burundi,bujumbura mairie,61,93.35443553,93.35443553,10,15.30400582
BDI,Burundi,bujumbura rural,61,77.53110031,77.53110031,10,12.71001644
BDI,Burundi,bururi,61,63.50070867,63.50070867,10,10.40995224
BDI,Burundi,cankuzo,61,48.81127868,48.81127868,10,8.001848963
BDI,Burundi,cibitoke,61,65.81747156,65.81747156,10,10.78974944
BDI,Burundi,gitega,61,63.87426551,63.87426551,10,10.47119107
BDI,Burundi,karusi,61,70.23549581,70.23549581,10,11.51401571
BDI,Burundi,kayanza,61,76.44758375,76.44758375,10,12.53239078
BDI,Burundi,kirundo,61,49.75607377,49.75607377,10,8.156733406
BDI,Burundi,makamba,61,63.86363614,63.86363614,10,10.46944855
BDI,Burundi,muramvya,61,81.94015243,81.94015243,10,13.43281187
BDI,Burundi,muyinga,61,36.90791013,36.90791013,10,6.050477071
BDI,Burundi,mwaro,61,74.54831125,74.54831125,10,12.22103463
BDI,Burundi,ngozi,61,55.8557538,55.8557538,10,9.15668095
BDI,Burundi,rutana,61,43.09427874,43.09427874,10,7.064635859
BDI,Burundi,ruyigi,61,64.93963696,64.93963696,10,10.64584213
BDI,Burundi,rumonge,61,59.46129159,59.46129159,10,9.74775272
SEN,Senegal,dakar,81,99.58930053,99.58930053,43,52.86839411
SEN,Senegal,diourbel,81,91.78532033,91.78532033,43,48.72554042
SEN,Senegal,fatick,81,64.47182918,64.47182918,43,34.22578586
SEN,Senegal,kaffrine,81,87.31950444,87.31950444,43,46.35479865
SEN,Senegal,kaolack,81,88.33498264,88.33498264,43,46.89387967
SEN,Senegal,kolda,81,22.216484,22.216484,43,11.79393595
SEN,Senegal,louga,81,88.40683641,88.40683641,43,46.93202427
SEN,Senegal,matam,81,82.58788552,82.58788552,43,43.84295157
SEN,Senegal,saint-louis,81,81.45712616,81.45712616,43,43.24267191
SEN,Senegal,tambacounda,81,52.36243858,52.36243858,43,27.79734394
SEN,Senegal,thiés,81,91.99902537,91.99902537,43,48.83898877
SEN,Senegal,ziguinchor,81,33.83222033,33.83222033,43,17.9603145
SEN,Senegal,kedougou,81,77.02641012,77.02641012,43,40.8905634
SEN,Senegal,sedhiou,81,21.02002531,21.02002531,43,11.15877887
IDN,Indonesia,11 aceh,89,83.6097259,83.6097259,54,50.72949661
IDN,Indonesia,51 bali,89,97.61361085,97.61361085,54,59.2262358
IDN,Indonesia,19 bangka belitung,89,91.47841262,91.47841262,54,55.50375597
IDN,Indonesia,36 banten,89,91.85785855,91.85785855,54,55.73398159
IDN,Indonesia,17 bengkulu,89,69.64374439,69.64374439,54,42.25575502
IDN,Indonesia,75 gorontalo,89,91.90974151,91.90974151,54,55.76546114
IDN,Indonesia,15 jambi,89,84.28600367,84.28600367,54,51.13982245
IDN,Indonesia,18 lampung,89,77.85577227,77.85577227,54,47.23833374
IDN,Indonesia,81 maluku,89,90.9636851,90.9636851,54,55.19144939
IDN,Indonesia,94 papua,89,87.77220136,87.77220136,54,53.25504352
IDN,Indonesia,14 riau,89,95.89101732,95.89101732,54,58.18106669
IDN,Indonesia,34 yogyakarta,89,96.74296609,96.74296609,54,58.69797943
IDN,Indonesia,12 north sumatera,89,85.39865864,85.39865864,54,51.81491648
IDN,Indonesia,13 west sumatera,89,82.68619952,82.68619952,54,50.16915477
IDN,Indonesia,16 south sumatera,89,82.26769235,82.26769235,54,49.91522907
IDN,Indonesia,21 riau islands,89,91.57198373,91.57198373,54,55.56052946
IDN,Indonesia,31 jakarta,89,100,100,54,60.6741573
IDN,Indonesia,32 west java,89,91.72433095,91.72433095,54,55.65296485
IDN,Indonesia,33 central java,89,96.82176235,96.82176235,54,58.74578839
IDN,Indonesia,35 east java,89,95.67212597,95.67212597,54,58.0482562
IDN,Indonesia,52 west nusa tenggara,89,94.58969471,94.58969471,54,57.39150016
IDN,Indonesia,53 east nusa tenggara,89,71.67073044,71.67073044,54,43.48561173
IDN,Indonesia,61 west kalimantan,89,79.87406213,79.87406213,54,48.4629141
IDN,Indonesia,62 central kalimantan,89,72.47562125,72.47562125,54,43.97397245
IDN,Indonesia,63 south kalimantan,89,80.22159088,80.22159088,54,48.67377424
IDN,Indonesia,64 east kalimantan,89,92.66641379,92.66641379,54,56.22456567
IDN,Indonesia,71 north sulawesi,89,96.54988473,96.54988473,54,58.58082893
IDN,Indonesia,72 central sulawesi,89,85.56420413,85.56420413,54,51.91535981
IDN,Indonesia,73 south sulawesi,89,87.3703261,87.3703261,54,53.01120909
IDN,Indonesia,74 southeast sulawesi,89,95.03180371,95.03180371,54,57.65974607
IDN,Indonesia,76 west sulawesi,89,70.94959199,70.94959199,54,43.04806705
IDN,Indonesia,82 north maluku,89,77.59465255,77.59465255,54,47.07990155
IDN,Indonesia,91 west papua,89,78.69448111,78.69448111,54,47.74721326
PHL,Philippines,autonomous region in muslim mindanao,94,71.78850708,71.78850708,47,35.89425354
PHL,Philippines,cagayan valley,94,92.38748811,92.38748811,47,46.19374406
PHL,Philippines,central luzon,94,99.59821647,99.59821647,47,49.79910823
PHL,Philippines,bicol,94,90.25245775,90.25245775,47,45.12622888
PHL,Philippines,western visayas,94,93.9137807,93.9137807,47,46.95689035
PHL,Philippines,central visayas,94,95.94090909,95.94090909,47,47.97045455
PHL,Philippines,eastern visayas,94,94.09109683,94.09109683,47,47.04554842
PHL,Philippines,zamboanga peninsula,94,90.35999496,90.35999496,47,45.17999748
PHL,Philippines,northern mindanao,94,94.62375023,94.62375023,47,47.31187511
PHL,Philippines,davao,94,94.5887092,94.5887092,47,47.2943546
PHL,Philippines,soccsksargen,94,89.84288172,89.84288172,47,44.92144086
PHL,Philippines,caraga,94,95.45385207,95.45385207,47,47.72692603
PHL,Philippines,national capital,94,100,100,47,50
PHL,Philippines,calabarzon,94,98.13550906,98.13550906,47,49.06775453
PHL,Philippines,mimaropa,94,93.56291226,93.56291226,47,46.78145613
TGO,Togo,agglomération de lomé,65,94.4484016,94.4484016,19,27.60799431
TGO,Togo,maritime,65,63.17775901,63.17775901,19,18.46734494
TGO,Togo,plateaux,65,48.96933887,48.96933887,19,14.31411444
TGO,Togo,centrale,65,68.48489537,68.48489537,19,20.01866172
TGO,Togo,kara,65,65.27297228,65.27297228,19,19.0797919
TGO,Togo,savanes,65,47.10610175,47.10610175,19,13.7694759
MWI,Malawi,north,69,68.97863239,68.97863239,15,14.99535487
MWI,Malawi,central,69,77.21081224,77.21081224,15,16.78495918
MWI,Malawi,south,69,81.85777969,81.85777969,15,17.7951695
RWA,Rwanda,kigali city,58,81.23278106,81.23278106,11,15.4062171
RWA,Rwanda,south,58,52.62111175,52.62111175,11,9.979866021
RWA,Rwanda,west,58,67.890987,67.890987,11,12.87587684
RWA,Rwanda,north,58,58.00696056,58.00696056,11,11.00132011
RWA,Rwanda,east,58,51.81830898,51.81830898,11,9.827610324
TZA,Tanzania,arusha,57,73.92894943,73.92894943,29,37.61297427
TZA,Tanzania,dar es salaam,57,93.01501928,93.01501928,29,47.32343086
TZA,Tanzania,dodoma,57,46.00346885,46.00346885,29,23.40527363
TZA,Tanzania,geita,57,25.43819411,25.43819411,29,12.94223911
TZA,Tanzania,iringa,57,66.52239672,66.52239672,29,33.84472816
TZA,Tanzania,kagera,57,29.96989264,29.96989264,29,15.24784011
TZA,Tanzania,katavi,57,33.35903775,33.35903775,29,16.97214201
TZA,Tanzania,kigoma,57,58.17625834,58.17625834,29,29.59844723
TZA,Tanzania,kilimanjaro,57,90.87797515,90.87797515,29,46.23616279
TZA,Tanzania,lindi,57,38.08020966,38.08020966,29,19.37414176
TZA,Tanzania,manyara,57,45.53573876,45.53573876,29,23.16730569
TZA,Tanzania,mara,57,35.9725177,35.9725177,29,18.30180725
TZA,Tanzania,mbeya,57,48.38685512,48.38685512,29,24.61787366
TZA,Tanzania,morogoro,57,65.25871817,65.25871817,29,33.20180398
TZA,Tanzania,mtwara,57,51.16722288,51.16722288,29,26.03244673
TZA,Tanzania,mwanza,57,45.9053749,45.9053749,29,23.35536618
TZA,Tanzania,njombe,57,70.86596628,70.86596628,29,36.05461442
TZA,Tanzania,kaskazini pemba,57,94.00437552,94.00437552,29,47.82678754
TZA,Tanzania,kusini pemba,57,98.55886333,98.55886333,29,50.1439831
TZA,Tanzania,songwe,57,29.75331756,29.75331756,29,15.13765279
TZA,Tanzania,rukwa,57,61.40782863,61.40782863,29,31.24257948
TZA,Tanzania,ruvuma,57,65.54792251,65.54792251,29,33.34894303
TZA,Tanzania,shinyanga,57,39.7724146,39.7724146,29,20.23508813
TZA,Tanzania,simiyu,57,39.30978944,39.30978944,29,19.99971743
TZA,Tanzania,singida,57,41.42670515,41.42670515,29,21.07674473
TZA,Tanzania,tabora,57,21.8875465,21.8875465,29,11.13576927
TZA,Tanzania,tanga,57,43.8628394,43.8628394,29,22.31618145
TZA,Tanzania,kaskazini unguja,57,96.00339845,96.00339845,29,48.8438343
TZA,Tanzania,kusini unguja,57,99.37288266,99.37288266,29,50.55813329
TZA,Tanzania,mjini magharibi,57,100,100,29,50.87719298
LAO,Laos,attapeu,82,81.00847846,81.00847846,16,15.80653238
LAO,Laos,bokeo,82,63.16687283,63.16687283,16,12.32524348
LAO,Laos,huaphanh,82,83.91189149,83.91189149,16,16.373052
LAO,Laos,khammua,82,73.4670896,73.4670896,16,14.33504187
LAO,Laos,luangnamtha,82,95.50188796,95.50188796,16,18.63451472
LAO,Laos,oudomxay,82,86.4850069,86.4850069,16,16.8751233
LAO,Laos,phongsaly,82,82.71934112,82.71934112,16,16.14035924
LAO,Laos,saravane,82,70.91035283,70.91035283,16,13.83616641
LAO,Laos,vientiane,82,93.07057835,93.07057835,16,18.16011285
LAO,Laos,xayabury,82,91.11578256,91.11578256,16,17.77868928
LAO,Laos,xaysomboune,82,74.99011119,74.99011119,16,14.63221682
LAO,Laos,sekong,82,78.53929955,78.53929955,16,15.32474138
LAO,Laos,xiengkhuang,82,93.55660133,93.55660133,16,18.2549466
LAO,Lao,luangprabang,82,67.64819169,67.64819169,16,13.19964716
LAO,Lao,borikhamxay,82,91.77215809,91.77215809,16,17.90676255
LAO,Lao,savannakhet,82,71.57506843,71.57506843,16,13.96586701
LAO,Lao,champasack,82,90.81202554,90.81202554,16,17.71941962
NGA,Nigeria,north east,71,54.69567057,54.69567057,23,17.71831582
NGA,Nigeria,north central,71,59.35779311,59.35779311,23,19.22858087
NGA,Nigeria,south east,71,78.45854578,78.45854578,23,25.41614863
NGA,Nigeria,north west,71,58.9266033,58.9266033,23,19.08889966
NGA,Nigeria,south south,71,72.83301513,72.83301513,23,23.59379363
SLE,Sierra Leone,east,61,67.98963177,67.98963177,10,11.14584127
SLE,Sierra Leone,north,61,48.45981587,48.45981587,10,7.944232109
SLE,Sierra Leone,south,61,53.68515435,53.68515435,10,8.800844975
SLE,Sierra Leone,west,61,76.69783829,76.69783829,10,12.57341611
SOM,Somalia,1 awdal,52,56.24374069,56.24374069,34,36.77475353
SOM,Somalia,2 bakool,52,85.61646979,85.61646979,34,55.97999948
SOM,Somalia,5 bay,52,80.08388852,80.08388852,34,52.36254249
SOM,Somalia,7 gedo,52,70.52827457,70.52827457,34,46.11464106
SOM,Somalia,9 jubbada dhexe,52,0,0,34,0
SOM,Somalia,10 jubbada hoose,52,89.03561902,89.03561902,34,58.21559705
SOM,Somalia,15 shabeellaha hoose,52,96.41442188,96.41442188,34,63.04019892
SOM,Somalia,17 togdheer,52,63.97767811,63.97767811,34,41.83155876
SOM,Somalia,18 woqooyi galbeed,52,71.96664602,71.96664602,34,47.0551147
SOM,Somalia,8 hiran,52,96.25271821,96.25271821,34,62.9344696
ALB,Albania,berat,91,96.3479253,96.3479253,70,74.11378869
ALB,Albania,elbasan,91,98.93104669,98.93104669,70,76.10080514
ALB,Albania,fier,91,96.88087953,96.88087953,70,74.52375348
ALB,Albania,tirane,91,98.14997681,98.14997681,70,75.49998216
ALB,Albania,diber,91,98.21481523,98.21481523,70,75.54985787
ALB,Albania,durres,91,99.43440056,99.43440056,70,76.48800043
ALB,Albania,gjirokaster,91,98.80401922,98.80401922,70,76.00309171
ALB,Albania,korce,91,96.52891263,96.52891263,70,74.25300972
ALB,Albania,kukes,91,99.67136522,99.67136522,70,76.67028094
ALB,Albania,lezhe,91,86.72040872,86.72040872,70,66.70800671
ALB,Albania,shkoder,91,95.70980325,95.70980325,70,73.62292557
ALB,Albania,vlore,91,94.05816478,94.05816478,70,72.35243444
IRQ,Iraq,erbil,97,99.88013513,99.88013513,59,60.75183477
IRQ,Iraq,diala,97,97.19632758,97.19632758,59,59.11941574
IRQ,Iraq,anbar,97,99.59885826,99.59885826,59,60.58074884
IRQ,Iraq,baghdad,97,98.5942282,98.5942282,59,59.96968519
IRQ,Iraq,babil,97,97.2725293,97.2725293,59,59.16576524
IRQ,Iraq,karbalah,97,98.84935648,98.84935648,59,60.12486631
IRQ,Iraq,wasit,97,96.48368663,96.48368663,59,58.68595372
IRQ,Iraq,salahaddin,97,97.86915474,97.86915474,59,59.52866113
IRQ,Iraq,najaf,97,92.40593083,92.40593083,59,56.20566927
IRQ,Iraq,qadisyah,97,99.28714501,99.28714501,59,60.39115006
IRQ,Iraq,muthana,97,99.48127807,99.48127807,59,60.50923099
YEM,Yemen,abyan,63,80.27596043,80.27596043,49,62.43685811
YEM,Yemen,shabwah,63,83.67661047,83.67661047,49,65.08180814
YEM,Yemen,al-mhrah,63,38.43976945,38.43976945,49,29.89759846
YEM,Yemen,hadramout,63,90.05849576,90.05849576,49,70.0454967
TUR,Turkey,north,99,97.38376455,97.38376455,96,94.43274138
BGD,Bangladesh,barisal,97,91.0613262,91.0613262,55,51.63271073
BGD,Bangladesh,dhaka,97,99.41415809,99.41415809,55,56.36885252
BGD,Bangladesh,khulna,97,92.85226447,92.85226447,55,52.6481912
BGD,Bangladesh,rajshahi,97,98.41128583,98.41128583,55,55.80021361
BGD,Bangladesh,rangpur,97,99.97030716,99.97030716,55,56.68419478
IND,India,andhra pradesh,93,93.54169634,93.54169634,63,63.36695559
IND,India,assam,93,83.61464837,83.61464837,63,56.64218115
IND,India,bihar,93,98.25613915,98.25613915,63,66.56061039
IND,India,chandigarh,93,98.71120886,98.71120886,63,66.86888342
IND,India,chhattisgarh,93,89.26159173,89.26159173,63,60.46752988
IND,India,dadra and nagar haveli,93,91.50453894,91.50453894,63,61.98694573
IND,India,daman and diu,93,99.42098473,99.42098473,63,67.34969933
IND,India,goa,93,96.71694932,96.71694932,63,65.51793341
IND,India,gujarat,93,94.70178324,94.70178324,63,64.15282091
IND,India,haryana,93,96.31297395,96.31297395,63,65.24427268
IND,India,himachal pradesh,93,94.2672221,94.2672221,63,63.85844077
IND,India,jammu and kashmir,93,87.93602553,87.93602553,63,59.56956568
IND,India,jharkhand,93,76.43186347,76.43186347,63,51.77642364
IND,India,karnataka,93,93.41927906,93.41927906,63,63.28402775
IND,India,kerala,93,94.61594743,94.61594743,63,64.09467407
IND,India,lakshadweep,93,91.09734848,91.09734848,63,61.71110703
IND,India,madhya pradesh,93,79.59458125,79.59458125,63,53.91890988
IND,India,maharashtra,93,90.52974913,90.52974913,63,61.32660425
IND,India,meghalaya,93,68.29552051,68.29552051,63,46.26470745
IND,India,odisha,93,86.12133059,86.12133059,63,58.34025621
IND,India,puducherry,93,99.5552786,99.5552786,63,67.4406726
IND,India,punjab,93,99.16271417,99.16271417,63,67.17474186
IND,India,rajasthan,93,88.54551283,88.54551283,63,59.98244418
IND,India,sikkim,93,97.75919947,97.75919947,63,66.22397384
IND,India,tamil nadu,93,96.03339509,96.03339509,63,65.05488055
IND,India,telangana,93,95.18750221,95.18750221,63,64.48185633
IND,India,uttar pradesh,93,97.80074288,97.80074288,63,66.25211614
IND,India,uttarakhand,93,92.8556294,92.8556294,63,62.90220056
IND,India,west bengal,93,94.4799678,94.4799678,63,64.00255883
IND,India,delhi,93,97.47494919,97.47494919,63,66.03141719
NPL,Nepal,province 1,89,96.12645083,96.12645083,27,29.16195699
NPL,Nepal,province 2,89,97.28134297,97.28134297,27,29.51231753
NPL,Nepal,province 3,89,95.60994255,95.60994255,27,29.00526347
NPL,Nepal,province 4,89,94.07365032,94.07365032,27,28.53919729
NPL,Nepal,province 5,89,95.20053813,95.20053813,27,28.88106213
NPL,Nepal,province 6,89,83.08568292,83.08568292,27,25.20576898
NPL,Nepal,province 7,89,94.39710547,94.39710547,27,28.63732413
ARM,Armenia,aragatsotn,100,100,100,86,86
ARM,Armenia,ararat,100,100,100,86,86
ARM,Armenia,armavir,100,99.40500247,99.40500247,86,85.48830212
ARM,Armenia,yerevan,100,100,100,86,86
ARM,Armenia,gegharkunik,100,100,100,86,86
ARM,Armenia,kotayk,100,99.65771458,99.65771458,86,85.70563454
ARM,Armenia,lori,100,99.43520446,99.43520446,86,85.51427584
ARM,Armenia,shirak,100,99.09660124,99.09660124,86,85.22307707
ARM,Armenia,syunik,100,100,100,86,86
ARM,Armenia,tavush,100,98.95824963,98.95824963,86,85.10409468
ARM,Armenia,vayots dzor,100,100,100,86,86
TJK,Tajikistan,dushanbe,81,99.07729727,99.07729727,48,58.71247246
TJK,Tajikistan,khatlon,81,68.65813776,68.65813776,48,40.68630386
TJK,Tajikistan,gbao,81,74.2713262,74.2713262,48,44.01263775
TJK,Tajikistan,sughd,81,89.05149694,89.05149694,48,52.77125744
TJK,Tajikistan,drs,81,90.01202169,90.01202169,48,53.3404573
PAK,Pakistan,3 kpk,91,84.58460537,84.58460537,35,32.53254053
PAK,Pakistan,4 balochistan,91,80.81343805,80.81343805,35,31.08209156
PAK,Pakistan,1 punjab,91,97.11814969,97.11814969,35,37.3531345
PAK,Pakistan,2 sindh,91,89.96550584,89.96550584,35,34.60211763
PAK,Pakistan,7 ajk,91,0,0,35,0
PAK,Pakistan,8 fata,91,62.40415598,62.40415598,35,24.00159845
GEO,Georgia,achara,98,99.46545992,99.46545992,84,85.25610851
GEO,Georgia,guria,98,96.69238451,96.69238451,84,82.87918672
GEO,Georgia,"imereti, racha",98,96.01656171,96.01656171,84,82.29991003
GEO,Georgia,kakheti,98,98.56329338,98.56329338,84,84.4828229
GEO,Georgia,qvemo qartli,98,91.91099357,91.91099357,84,78.78085163
GEO,Georgia,mtskheta-mtianeti,98,90.68625901,90.68625901,84,77.73107915
GEO,Georgia,samtskhe-javakheti,98,100,100,84,85.71428571
GEO,Georgia,sida qartli,98,97.64461069,97.64461069,84,83.69538059
GEO,Georgia,tbilisi,98,100,100,84,85.71428571
AFG,Afghanistan,badakhshan,67,77.51965395,77.51965395,38,43.96637089
AFG,Afghanistan,badghis,67,25.11116755,25.11116755,38,14.24215473
AFG,Afghanistan,baghlan,67,40.96905806,40.96905806,38,23.23618218
AFG,Afghanistan,balkh,67,60.41866092,60.41866092,38,34.26730022
AFG,Afghanistan,bamyan,67,32.32132917,32.32132917,38,18.33150013
AFG,Afghanistan,daykundi,67,22.51589082,22.51589082,38,12.77020673
AFG,Afghanistan,farah,67,48.70938809,48.70938809,38,27.62622011
AFG,Afghanistan,faryab,67,44.41662964,44.41662964,38,25.19152129
AFG,Afghanistan,ghazni,67,72.53350598,72.53350598,38,41.13840638
AFG,Afghanistan,ghor,67,27.73345128,27.73345128,38,15.72942013
AFG,Afghanistan,helmand,67,57.06521739,57.06521739,38,32.36534718
AFG,Afghanistan,herat,67,54.40678511,54.40678511,38,30.85757961
AFG,Afghanistan,jawzjan,67,57.16091052,57.16091052,38,32.41962089
AFG,Afghanistan,kabul,67,96.18268338,96.18268338,38,54.55137266
AFG,Afghanistan,kandahar,67,78.69179245,78.69179245,38,44.63116587
AFG,Afghanistan,kapisa,67,38.30311501,38.30311501,38,21.72415478
AFG,Afghanistan,khost,67,70.02375474,70.02375474,38,39.71496538
AFG,Afghanistan,kunarha,67,75.21438294,75.21438294,38,42.65890376
AFG,Afghanistan,kunduz,67,40.95173971,40.95173971,38,23.22635984
AFG,Afghanistan,laghman,67,60.78730807,60.78730807,38,34.47638368
AFG,Afghanistan,logar,67,70.47341156,70.47341156,38,39.96999462
AFG,Afghanistan,nangarhar,67,82.7445308,82.7445308,38,46.92973389
AFG,Afghanistan,nimroz,67,50.57852963,50.57852963,38,28.68633024
AFG,Afghanistan,nooristan,67,23.89359418,23.89359418,38,13.55159073
AFG,Afghanistan,paktika,67,76.34726215,76.34726215,38,43.30143226
AFG,Afghanistan,panjsher,67,59.35001839,59.35001839,38,33.66120446
AFG,Afghanistan,parwan,67,64.73094681,64.73094681,38,36.71307431
AFG,Afghanistan,samangan,67,8.459011403,8.459011403,38,4.797648258
AFG,Afghanistan,sar-e-pul,67,24.31499209,24.31499209,38,13.79059253
AFG,Afghanistan,takhar,67,64.33109454,64.33109454,38,36.48629243
AFG,Afghanistan,urozgan,67,35.95737939,35.95737939,38,20.39373756
AFG,Afghanistan,wardak,67,32.7559453,32.7559453,38,18.57799883
AFG,Afghanistan,zabul,67,47.2168565,47.2168565,38,26.77970966
BLR,Belarus,minsk city,96,99.88627365,99.88627365,95,98.84579163
BLR,Belarus,brest region,96,99.42657703,99.42657703,95,98.39088352
BLR,Belarus,vitebsk region,96,99.34556012,99.34556012,95,98.31071053
BLR,Belarus,gomel region,96,99.68171244,99.68171244,95,98.64336127
BLR,Belarus,grodno region,96,99.58699187,99.58699187,95,98.54962737
BLR,Belarus,minsk region,96,99.39425664,99.39425664,95,98.3588998
BLR,Belarus,mogilev region,96,99.37105429,99.37105429,95,98.33593914
UKR,Ukraine,north,94,98.96856148,98.96856148,92,96.8628474
UKR,Ukraine,center,94,98.73733692,98.73733692,92,96.63654252
UKR,Ukraine,east,94,98.73743405,98.73743405,92,96.63663758
UKR,Ukraine,south,94,99.8098493,99.8098493,92,97.68623549
UKR,Ukraine,west,94,98.17681306,98.17681306,92,96.0879447
MDA,Moldova,north,89,85.9,85.9,73,70.45730337
MDA,Moldova,center,89,77,77,73,63.15730337
MDA,Moldova,south,89,86,86,73,70.53932584
MDA,Moldova,chisinau,89,98.3,98.3,73,80.62808989
BIH,Bosnia and Herzegovina,bd,96,88.48679688,88.48679688,89,82.03463461
SRB,Serbia,belgrade,86,99.23902428,99.23902428,75,86.54566071
SRB,Serbia,vojvodina,86,97.51306949,97.51306949,75,85.04046757
KGZ,Kyrgyz Republic,bishkek city,87,99.9,99.9,68,78.08275862
KGZ,Kyrgyz Republic,batken,87,58.8,58.8,68,45.95862069
KGZ,Kyrgyz Republic,osh city,87,91.3,91.3,68,71.36091954
KGZ,Kyrgyz Republic,djalal-abad,87,80.1,80.1,68,62.60689655
KGZ,Kyrgyz Republic,naryn,87,75.6,75.6,68,59.08965517
KGZ,Kyrgyz Republic,talas,87,96.8,96.8,68,75.65977011
KGZ,Kyrgyz Republic,issyk-kul,87,91.1,91.1,68,71.2045977
KGZ,Kyrgyz Republic,chui,87,96.6,96.6,68,75.50344828
KGZ,Kyrgyz Republic,osh oblast,87,76.5,76.5,68,59.79310345
KAZ,Kazakhstan,almaty oblast,96,98.76130617,98.76130617,90,92.58872453
KAZ,Kazakhstan,akmola,96,94.57650054,94.57650054,90,88.66546925
KAZ,Kazakhstan,aktobe,96,100,100,90,93.75
KAZ,Kazakhstan,atyrau,96,100,100,90,93.75
KAZ,Kazakhstan,east kazakhstan,96,98.5879308,98.5879308,90,92.42618512
KAZ,Kazakhstan,mangistau,96,100,100,90,93.75
KAZ,Kazakhstan,north kazakhstan,96,97.38703636,97.38703636,90,91.30034659
KAZ,Kazakhstan,pavlodar,96,98.48128478,98.48128478,90,92.32620448
KAZ,Kazakhstan,karaganda,96,98.15601951,98.15601951,90,92.02126829
KAZ,Kazakhstan,kostanai,96,96.46899751,96.46899751,90,90.43968517
KAZ,Kazakhstan,kyzylorda,96,99.78258561,99.78258561,90,93.54617401
KAZ,Kazakhstan,south kasakhstan,96,97.83442741,97.83442741,90,91.71977569
KAZ,Kazakhstan,west kazakhstan,96,98.52900784,98.52900784,90,92.37094485
KAZ,Kazakhstan,zhambyl,96,100,100,90,93.75
KAZ,Kazakhstan,almaty city,96,99.66185383,99.66185383,90,93.43298797
TKM,Turkmenistan,ahal velayat,99,100,100,94,94.94949495
TKM,Turkmenistan,ashgabat city,99,100,100,94,94.94949495
TKM,Turkmenistan,balkan velayat,99,100,100,94,94.94949495
TKM,Turkmenistan,dashoguz velayat,99,100,100,94,94.94949495
IRQ,Iraq,duhok,97,99.63064382,99.63064382,59,60.60008232
IRQ,Iraq,sulaimaniya,97,98.72850376,98.72850376,59,60.05135796
IRQ,Iraq,thiqar,97,99.56295821,99.56295821,59,60.55891272
IRQ,Iraq,misan,97,99.16136865,99.16136865,59,60.31464691
IRQ,Iraq,basrah,97,99.85142886,99.85142886,59,60.73437425
SOM,Somalia,4 bari,52,74.00093585,74.00093585,34,48.38522729
SOM,Somalia,6 galgaduug,52,50.34580557,50.34580557,34,32.91841133
SOM,Somalia,11 mudug,52,73.7037072,73.7037072,34,48.19088548
SOM,Somalia,13 sanaag,52,58.9142858,58.9142858,34,38.52087918
SOM,Somalia,14 shabeellaha dhexe,52,35.6753448,35.6753448,34,23.32618699
SOM,Somalia,16 sool,52,61.67222159,61.67222159,34,40.32414488
SOM,Somalia,12 nugal,52,55.27202674,55.27202674,34,36.1394021
SOM,Somalia,3 banadir,52,98.07606294,98.07606294,34,64.12665653
MNG,Mongolia,ulaanbaatar,83,94.1,94.1,24,27.20963855
SLV,El Salvador,occidente,97,95.31588735,95.31588735,72,70.749937
GTM,Guatemala,petén,94,95,95,57,57.60638298
GTM,Guatemala,nororiente,94,93.6,93.6,57,56.75744681
GTM,Guatemala,suroriente,94,93.4,93.4,57,56.63617021
GTM,Guatemala,suroccidente,94,98,98,57,59.42553191
GTM,Guatemala,noroccidente,94,94,94,57,57
GTM,Guatemala,metropolitana,94,99.9,99.9,57,60.57765957
GTM,Guatemala,norte,94,80.8,80.8,57,48.99574468
GTM,Guatemala,central,94,99.3,99.3,57,60.21382979
MEX,Mexico,noroeste,100,99.96422813,99.96422813,43,42.9846181
MEX,Mexico,noreste,100,99.36884035,99.36884035,43,42.72860135
MEX,Mexico,df-edo méxico,100,98.86045561,98.86045561,43,42.50999591
MEX,Mexico,centro,100,98.73164492,98.73164492,43,42.45460731
TTO,Trinidad and Tobago,tobago,98,98.44322919,98.44322919,82,82.37086524
TTO,Trinidad & Tobago,north west,98,97.6594454,97.6594454,82,81.71504615
TTO,Trinidad & Tobago,east,98,99.6873281,99.6873281,82,83.41184596
TTO,Trinidad & Tobago,central,98,99.72371903,99.72371903,82,83.44229551
TTO,Trinidad & Tobago,south west,98,99.71064636,99.71064636,82,83.43135716
BRB,Barbados,st michael,98,99.43481392,99.43481392,89,90.3030453
BRB,Barbados,christ church and st. philip,98,99.90812581,99.90812581,89,90.73288977
BRB,Barbados,"st. james, st. george, and st. thomas",98,99.93194739,99.93194739,89,90.75452365
BRB,Barbados,"st. lucy, st. peter, st. andrew, st. joseph, and st. john",98,99.7522745,99.7522745,89,90.59135133
JAM,Jamaica,kma,91,99.9,99.9,46,50.4989011
PER,Peru,amazonas,91,85.21189635,85.21189635,50,46.81972327
PER,Peru,ancash,91,94.9078473,94.9078473,50,52.14716885
PER,Peru,arequipa,91,97.59734014,97.59734014,50,53.62491217
PER,Peru,ayacucho,91,95.24671407,95.24671407,50,52.33335938
PER,Peru,cajamarca,91,88.97286236,88.97286236,50,48.88618811
PER,Peru,callao,91,98.05233607,98.05233607,50,53.87490993
PER,Peru,cusco,91,94.34425312,94.34425312,50,51.83750171
PER,Peru,huancavelica,91,92.42090665,92.42090665,50,50.78071794
PER,Peru,ica,91,95.216792,95.216792,50,52.31691868
PER,Peru,la libertad,91,94.97763434,94.97763434,50,52.18551337
PER,Peru,lambayeque,91,90.302193,90.302193,50,49.61658956
PER,Peru,lima,91,98.12125387,98.12125387,50,53.91277685
PER,Peru,loreto,91,66.0255793,66.0255793,50,36.27779083
PER,Peru,madre de dios,91,93.3784069,93.3784069,50,51.30681698
PER,Peru,moquegua,91,97.10577336,97.10577336,50,53.35482053
PER,Peru,pasco,91,81.69670836,81.69670836,50,44.8883013
PER,Peru,piura,91,84.33057502,84.33057502,50,46.33548078
PER,Peru,puno,91,80.349066,80.349066,50,44.14783846
PER,Peru,tacna,91,98.77101474,98.77101474,50,54.26978832
PER,Peru,tumbes,91,90.98706096,90.98706096,50,49.99289064
PER,Peru,ucayali,91,80.6659268,80.6659268,50,44.3219378
PER,Peru,apurimac,91,93.02511957,93.02511957,50,51.11270306
PER,Peru,huanuco,91,79.80438246,79.80438246,50,43.84856179
PER,Peru,junin,91,93.53176268,93.53176268,50,51.3910784
PER,Peru,san martin,91,90.45835097,90.45835097,50,49.70239064
HND,Honduras,atlántida,95,93.43873062,93.43873062,60,59.01393513
HND,Honduras,choluteca,95,92.92136249,92.92136249,60,58.68717631
HND,Honduras,colón,95,97.85,97.85,60,61.8
HND,Honduras,comayagua,95,94.15394676,94.15394676,60,59.46565058
HND,Honduras,copán,95,98.05,98.05,60,61.92631579
HND,Honduras,cortés,95,98.50291848,98.50291848,60,62.21236957
HND,Honduras,el paraíso,95,95.56776196,95.56776196,60,60.3585865
HND,Honduras,francisco morazán,95,98.35431497,98.35431497,60,62.11851472
HND,Honduras,intibucá,95,99,99,60,62.52631579
HND,Honduras,la paz,95,96.04341383,96.04341383,60,60.65899821
HND,Honduras,lempira,95,97.18932071,97.18932071,60,61.38272887
HND,Honduras,ocotepeque,95,95.64252231,95.64252231,60,60.40580357
HND,Honduras,olancho,95,96,96,60,60.63157895
HND,Honduras,santa bárbara,95,97,97,60,61.26315789
HND,Honduras,valle,95,95.10127587,95.10127587,60,60.06396371
HND,Honduras,yoro,95,97.0719985,97.0719985,60,61.30863063
BOL,Bolivia,chuquisaca,93,89.18143086,89.18143086,92,88.22249074
BOL,Bolivia,cochabamba,93,93.89024882,93.89024882,92,92.88067625
BOL,Bolivia,la paz,93,89.70337083,89.70337083,92,88.73881846
BOL,Bolivia,oruro,93,94.50518148,94.50518148,92,93.48899673
BOL,Bolivia,pando,93,78.21382645,78.21382645,92,77.37281756
BOL,Bolivia,potos?,93,92.37619288,92.37619288,92,91.38290048
BOL,Bolivia,santa cruz,93,98.95918717,98.95918717,92,97.89510989
BOL,Bolivia,tarija,93,96.95719841,96.95719841,92,95.91464789
BOL,Bolivia,beni,93,87.46624,87.46624,92,86.5257428
CRI,Costa Rica,alajuela,100,99.5,99.5,94,93.53
CRI,Costa Rica,cartago,100,99.9,99.9,94,93.906
CRI,Costa Rica,guanacaste,100,96.7,96.7,94,90.898
CRI,Costa Rica,heredia,100,99.9,99.9,94,93.906
CRI,Costa Rica,limón,100,98.3,98.3,94,92.402
CRI,Costa Rica,puntarenas,100,99.1,99.1,94,93.154
CRI,Costa Rica,san josé,100,99.3,99.3,94,93.342
GUY,Guyana,barima-waini,96,77.6334,77.6334,94,76.0160375
GUY,Guyana,cuyuni-mazaruni,96,89,89,94,87.14583333
GUY,Guyana,demerara-mahaica,96,99.2015,99.2015,94,97.13480208
GUY,Guyana,east berbice-corentyne,96,99.6004,99.6004,94,97.52539167
GUY,Guyana,essequibo islands-west demerara,96,99.2,99.2,94,97.13333333
GUY,Guyana,mahaica-berbice,96,99.3,99.3,94,97.23125
GUY,Guyana,pomeroon-supenaam,96,94.6,94.6,94,92.62916667
GUY,Guyana,potaro-siparuni,96,42.9792,42.9792,94,42.0838
GUY,Guyana,upper demerara-berbice,96,92.4,92.4,94,90.475
GUY,Guyana,upper takutu-upper essequibo,96,39.3624,39.3624,94,38.54235
MEX,Mexico,sur,100,95.8751289,95.8751289,43,41.22630543
SLV,El Salvador,central,97,93.56730207,93.56730207,72,69.45201803
SLV,El Salvador,oriental,97,95.3069423,95.3069423,72,70.74329738
HTI,Haiti,centre,65,52.00893939,52.00893939,10,8.001375291
HTI,Haiti,grand'anse,65,42.31766421,42.31766421,10,6.510409879
HTI,Haiti,artibonite,65,55.04524472,55.04524472,10,8.468499187
HTI,Haiti,nippes,65,66.86168785,66.86168785,10,10.28641351
HTI,Haiti,nord,65,64.14075726,64.14075726,10,9.867808809
HTI,Haiti,nord-est,65,73.53086886,73.53086886,10,11.31244136
HTI,Haiti,nord-ouest,65,51.53276945,51.53276945,10,7.928118377
HTI,Haiti,sud,65,58.2416265,58.2416265,10,8.96025023
HTI,Haiti,sud-est,65,51.19832461,51.19832461,10,7.876665324
HTI,Haiti,aire metropolitaine,65,92.43818048,92.43818048,10,14.22125854
SUR,Suriname,brokopondo,95,89.35966624,89.35966624,54,50.79391555
SUR,Suriname,commewijne,95,97.86485721,97.86485721,54,55.62844515
SUR,Suriname,coronie,95,100,100,54,56.84210526
SUR,Suriname,marowijne,95,91.12730096,91.12730096,54,51.79867633
SUR,Suriname,nickerie,95,98.17985437,98.17985437,54,55.80749617
SUR,Suriname,para,95,96.46662119,96.46662119,54,54.83365836
SUR,Suriname,paramaribo,95,99.37844998,99.37844998,54,56.48880315
SUR,Suriname,saramacca,95,98.27175209,98.27175209,54,55.85973276
SUR,Suriname,sipaliwini,95,64.33298111,64.33298111,54,36.56822084
SUR,Suriname,wanica,95,98.57972886,98.57972886,54,56.03479325
PAN,Panama,bocas del toro,96,93.56282327,93.56282327,84,81.86747036
PAN,Panama,chiriquí,96,97.70598742,97.70598742,84,85.49273899
PAN,Panama,coclé,96,99.21299998,99.21299998,84,86.81137499
PAN,Panama,colón,96,97.47387147,97.47387147,84,85.28963754
PAN,Panama,emberá wounaan,96,47.36322149,47.36322149,84,41.4428188
PAN,Panama,herrera,96,97.49720419,97.49720419,84,85.31005367
PAN,Panama,kuna yala,96,83.14086362,83.14086362,84,72.74825567
PAN,Panama,los santos,96,99.92536732,99.92536732,84,87.4346964
PAN,Panama,ngöbe buglé,96,53.76878163,53.76878163,84,47.04768393
PAN,Panama,panamá,96,99.71551007,99.71551007,84,87.25107131
PAN,Panama,veraguas,96,93.96130253,93.96130253,84,82.21613971
PAN,Panama,darien,96,88.07300193,88.07300193,84,77.06387669
NIC,Nicaragua,pácifico,82,93.47297951,93.47297951,55,62.69529114
NIC,Nicaragua,central,82,73.8892614,73.8892614,55,49.55987045
NIC,Nicaragua,atlántico,82,56.78346613,56.78346613,55,38.08647119
BLZ,Belize,belize (excluding belize city south side),98,99.3897447,99.3897447,96,97.36138257
BLZ,Belize,cayo,98,98.68074756,98.68074756,96,96.66685475
BLZ,Belize,corozal,98,94.81776952,94.81776952,96,92.882713
BLZ,Belize,orange walk,98,95.04156143,95.04156143,96,93.10193772
BLZ,Belize,stann creek,98,98.63697801,98.63697801,96,96.62397846
BLZ,Belize,toledo,98,94.66935797,94.66935797,96,92.73733026